DayInt,ground_coverage_mean,ground_max_thickness_mean,ground_roughness_bio_mean,Material_Roughness,Contact_Angle,Cos_theta,Wadh,BaseMaterial,y_true_flight,y_pred_flight_calibrated,y_pred_flight_raw
1.0,92.62,10.37,0.24534,0.1,45.0,0.71,123.0,Cellulose membrane,100.0,45.48245358338165,29.416200000000046
2.0,35.52,16.872,1.30897,0.1,45.0,0.71,123.0,Cellulose membrane,46.38,28.9982328914099,22.060516666666707
3.0,74.24,8.775,0.61465,0.23,65.0,0.42,102.0,SS316,17.58,26.411462859928626,20.906233333333283
3.0,7.33,18.197,1.85339,0.2,115.0,-0.42,42.0,LIS,4.48,31.940166967382623,23.373283333333408
1.0,3.72,6.205,1.92556,0.2,115.0,-0.42,42.0,LIS,4.01,28.421320089725533,21.80308333333339
2.0,93.89,9.728,0.44105,1.5,115.0,-0.42,42.0,Silicone DLIP,94.15,100.0,56.12901666666672
